-- phpMyAdmin SQL Dump
-- version 4.8.2
-- https://www.phpmyadmin.net/
--
-- Host: 127.0.0.1
-- Generation Time: Mar 08, 2021 at 03:32 PM
-- Server version: 10.4.17-MariaDB
-- PHP Version: 5.6.37

SET SQL_MODE = "NO_AUTO_VALUE_ON_ZERO";
SET AUTOCOMMIT = 0;
START TRANSACTION;
SET time_zone = "+00:00";


/*!40101 SET @OLD_CHARACTER_SET_CLIENT=@@CHARACTER_SET_CLIENT */;
/*!40101 SET @OLD_CHARACTER_SET_RESULTS=@@CHARACTER_SET_RESULTS */;
/*!40101 SET @OLD_COLLATION_CONNECTION=@@COLLATION_CONNECTION */;
/*!40101 SET NAMES utf8mb4 */;

--
-- Database: `senior2_1`
--

-- --------------------------------------------------------

--
-- Table structure for table `bank_account`
--

CREATE TABLE `bank_account` (
  `b_id` int(10) NOT NULL,
  `b_name` varchar(100) NOT NULL COMMENT 'ชื่อธนาคาร',
  `b_owner` varchar(100) NOT NULL COMMENT 'ชื่อเจ้าของบัญชี',
  `b_number` varchar(20) NOT NULL COMMENT 'เลขที่บัญชี',
  `b_img` varchar(100) NOT NULL,
  `b_date` timestamp NOT NULL DEFAULT current_timestamp()
) ENGINE=InnoDB DEFAULT CHARSET=utf8;

--
-- Dumping data for table `bank_account`
--

INSERT INTO `bank_account` (`b_id`, `b_name`, `b_owner`, `b_number`, `b_img`, `b_date`) VALUES
(1, 'กสิกร', 'นพมาศ', '1234567890', '32604550520201118_211857.jpg', '2020-11-18 13:37:53');

-- --------------------------------------------------------

--
-- Table structure for table `course`
--

CREATE TABLE `course` (
  `c_id` int(10) NOT NULL,
  `mem_id` int(11) NOT NULL,
  `name` varchar(100) NOT NULL,
  `address` varchar(500) NOT NULL,
  `email` varchar(100) NOT NULL,
  `phone` varchar(20) NOT NULL,
  `c_order` int(11) NOT NULL,
  `order_status_1` tinyint(4) NOT NULL DEFAULT 0,
  `order_status_2` tinyint(4) NOT NULL DEFAULT 0,
  `order_status_3` tinyint(4) NOT NULL DEFAULT 0,
  `order_status_4` tinyint(4) NOT NULL DEFAULT 0,
  `order_status_5` tinyint(4) NOT NULL DEFAULT 0,
  `pay_slip` varchar(200) DEFAULT NULL,
  `b_name` varchar(100) DEFAULT NULL,
  `b_number` varchar(20) DEFAULT NULL,
  `pay_date` timestamp NOT NULL DEFAULT current_timestamp(),
  `pay_amount` float(10,2) NOT NULL,
  `course_status` tinyint(4) NOT NULL DEFAULT 0,
  `order_date` timestamp NOT NULL DEFAULT current_timestamp()
) ENGINE=InnoDB DEFAULT CHARSET=utf8;

--
-- Dumping data for table `course`
--

INSERT INTO `course` (`c_id`, `mem_id`, `name`, `address`, `email`, `phone`, `c_order`, `order_status_1`, `order_status_2`, `order_status_3`, `order_status_4`, `order_status_5`, `pay_slip`, `b_name`, `b_number`, `pay_date`, `pay_amount`, `course_status`, `order_date`) VALUES
(1, 5, 's', 's', 's', '1111111111', 8, 1, 1, 1, 1, 1, '', '', '', '0000-00-00 00:00:00', 100.00, 2, '0000-00-00 00:00:00'),
(2, 7, 's', 's', 's', '1111111111', 8, 1, 1, 1, 1, 1, '', '', '', '0000-00-00 00:00:00', 100.00, 2, '0000-00-00 00:00:00'),
(3, 8, 's', 's', 's', '1111111111', 8, 0, 0, 0, 0, 0, '', '', '', '2021-03-08 17:00:00', 100.00, 0, '2021-03-07 17:00:00');

-- --------------------------------------------------------

--
-- Table structure for table `course_delivery`
--

CREATE TABLE `course_delivery` (
  `de_id` int(11) NOT NULL,
  `co_id` int(11) NOT NULL,
  `cs_id` int(11) NOT NULL,
  `de_option` varchar(100) NOT NULL
) ENGINE=InnoDB DEFAULT CHARSET=utf8;

-- --------------------------------------------------------

--
-- Table structure for table `course_detail`
--

CREATE TABLE `course_detail` (
  `cd_id` int(11) NOT NULL,
  `date_start` date NOT NULL,
  `date_end` date NOT NULL,
  `meal_1` varchar(100) NOT NULL,
  `meal_1_1` varchar(100) NOT NULL,
  `meal_2` varchar(100) NOT NULL,
  `meal_2_2` varchar(100) NOT NULL,
  `meal_3` varchar(100) NOT NULL,
  `meal_3_3` varchar(100) NOT NULL,
  `meal_4` varchar(100) NOT NULL,
  `meal_4_4` varchar(100) NOT NULL,
  `meal_5` varchar(100) NOT NULL,
  `meal_5_5` varchar(100) NOT NULL
) ENGINE=InnoDB DEFAULT CHARSET=utf8;

--
-- Dumping data for table `course_detail`
--

INSERT INTO `course_detail` (`cd_id`, `date_start`, `date_end`, `meal_1`, `meal_1_1`, `meal_2`, `meal_2_2`, `meal_3`, `meal_3_3`, `meal_4`, `meal_4_4`, `meal_5`, `meal_5_5`) VALUES
(8, '2020-12-23', '0000-00-00', 'ข้าวมันไก่ซูวี', 'ข้าวมันไก่ซูวี', 'ข้าวมันไก่ซูวี', 'ลาบวุ้นเส้นทะเล', 'ลาบวุ้นเส้นทะเล', 'ลาบวุ้นเส้นทะเล', 'ลาบวุ้นเส้นทะเล', 'ลาบวุ้นเส้นทะเล', 'ลาบวุ้นเส้นทะเล', 'ลาบวุ้นเส้นทะเล');

-- --------------------------------------------------------

--
-- Table structure for table `course_order`
--

CREATE TABLE `course_order` (
  `co_id` int(11) NOT NULL,
  `u_id` int(11) NOT NULL,
  `c_id` int(11) NOT NULL,
  `co_date` timestamp NOT NULL DEFAULT current_timestamp(),
  `co_date_start` timestamp NOT NULL DEFAULT current_timestamp(),
  `co_date_end` timestamp NOT NULL DEFAULT current_timestamp()
) ENGINE=InnoDB DEFAULT CHARSET=utf8;

-- --------------------------------------------------------

--
-- Table structure for table `menu`
--

CREATE TABLE `menu` (
  `m_id` int(10) NOT NULL,
  `t_id` int(11) NOT NULL,
  `c_id` int(10) DEFAULT NULL,
  `m_name` varchar(200) NOT NULL,
  `m_detail` text NOT NULL,
  `m_price` float(10,2) NOT NULL,
  `m_img1` varchar(200) NOT NULL,
  `m_img2` varchar(100) DEFAULT NULL,
  `date_save` timestamp NOT NULL DEFAULT current_timestamp()
) ENGINE=MyISAM DEFAULT CHARSET=utf8;

--
-- Dumping data for table `menu`
--

INSERT INTO `menu` (`m_id`, `t_id`, `c_id`, `m_name`, `m_detail`, `m_price`, `m_img1`, `m_img2`, `date_save`) VALUES
(18, 1, NULL, 'ข้าวมันไก่ซูวี', 'รายละเอียด', 49.00, '62806817520200927_231721.jpg', '', '0000-00-00 00:00:00'),
(19, 1, NULL, 'ข้าวมันไก่ทอด(มันหวานญี่ปุ่น)', 'รายละเอียด', 49.00, '72668707220200927_231732.jpg', '', '0000-00-00 00:00:00'),
(20, 1, NULL, 'ข้าวกะเพราไก่/หมู', 'รายละเอียด', 49.00, 'f27510006420200927_231922.webp', '', '0000-00-00 00:00:00'),
(21, 1, NULL, 'ข้าวกะเพราไก่ย่าง/หมูย่าง', 'รายละเอียด', 59.00, 'f138615319520200927_232711.png', '', '0000-00-00 00:00:00'),
(22, 1, NULL, 'ข้าวคั่วกลิ้งไก่/หมู', 'รายละเอียด', 49.00, 'f3032409920200927_233925.jpg', '', '0000-00-00 00:00:00'),
(23, 1, NULL, 'ข้าวผัดผงกะหรี่ไก่/หมู ', 'รายละเอียด', 59.00, 'f48772993020200927_234413.jpg', '', '0000-00-00 00:00:00'),
(24, 1, NULL, 'ข้าวอกไก่ผัดซอสโคชูจัง ไก่/หมู', 'รายละเอียด', 59.00, 'f110200953520200927_235118.jpg', '', '0000-00-00 00:00:00'),
(25, 1, NULL, 'ข้าวยำเกาหลีไก่สับ', 'รายละเอียด', 69.00, 'f30599819420200928_002713.png', '', '0000-00-00 00:00:00'),
(26, 1, NULL, 'สุกี้คลีนไก่/หมู ไข่ออนเซ็น(น้ำ/แห้ง)', 'รายละเอียด', 59.00, 'f40092317620200928_003005.jpg', '', '0000-00-00 00:00:00'),
(27, 1, NULL, 'ข้าวไก่ทอด ซอสเหล้าแดง/ครีมมะนาว', 'รายละเอียด', 69.00, 'f27794039320200928_003555.jpg', '', '0000-00-00 00:00:00'),
(28, 1, NULL, 'ข้าวปลาทอด ซอสเหล้าแดง/ครีมมะนาว', 'รายละเอียด', 79.00, 'f48174865420200928_003614.jpg', '', '0000-00-00 00:00:00'),
(29, 2, NULL, 'ข้าวยำไก่แซ่บ', 'รายละเอียด', 49.00, 'f75732885220200928_004452.jpg', '', '0000-00-00 00:00:00'),
(30, 2, NULL, 'ข้าวลาบอีสาน อกไก่', 'รายละเอียด', 49.00, 'f81445945920200928_004605.png', '', '0000-00-00 00:00:00'),
(31, 2, NULL, 'ข้าวไก่ย่าง/หมูย่าง(ยำน้ำตก)', 'รายละเอียด', 59.00, 'f161742275320200928_004845.jpg', '', '0000-00-00 00:00:00'),
(32, 2, NULL, 'ข้าวไก่ย่าง/หมูย่าง(ซอสมะขาม)', 'รายละเอียด', 59.00, 'f110693479720200928_005015.webp', '', '0000-00-00 00:00:00'),
(33, 2, NULL, 'ข้าวไก่ย่าง/หมูย่าง(น้ำจิ้มแจ่ว)', 'รายละเอียด', 59.00, 'f43136343020200928_005216.webp', '', '0000-00-00 00:00:00'),
(34, 2, NULL, 'ลาบวุ้นเส้น อกไก่สับ/หมูสับ', 'รายละเอียด', 69.00, 'f199499515320200928_005326.png', '', '0000-00-00 00:00:00'),
(35, 2, NULL, 'ลาบวุ้นเส้นทะเล', 'รายละเอียด', 89.00, 'f96222777720200928_005454.png', '', '0000-00-00 00:00:00'),
(36, 2, NULL, 'ข้าวยำปลาแซ่บ', 'รายละเอียด', 79.00, 'f75885813820200928_005650.jpg', '', '0000-00-00 00:00:00'),
(37, 2, NULL, 'ข้าว+ยำน้ำพริกเผา ไก่ลวก/หมูลวก', 'รายละเอียด', 59.00, 'f109864159220200928_005918.png', '', '0000-00-00 00:00:00'),
(38, 2, NULL, 'ข้าว+ลาบทูน่า ', 'รายละเอียด', 69.00, 'f206907353120200928_010057.jpg', '', '0000-00-00 00:00:00'),
(39, 2, NULL, 'ข้าว+ยำทูน่า', 'รายละเอียด', 69.00, 'f156983103920200928_010155.jpg', '', '0000-00-00 00:00:00'),
(40, 2, NULL, 'ยำวุ้นเส้น อกไก่สับ/หมูสับ', 'รายละเอียด', 69.00, 'f57855515320200928_010342.jpg', '', '0000-00-00 00:00:00'),
(41, 2, NULL, 'ยำวุ้นเส้นทะเล', 'รายละเอียด', 89.00, 'f199737690920200928_010446.png', '', '0000-00-00 00:00:00'),
(50, 3, 0, 'ข้าวหน้าอกไก่สไตส์ญี่ปุ่น (โอยาโกะด้ง)', 'aaa', 59.00, 'f180433326820200928_011042.jpg', '', '2020-09-27 04:10:42'),
(44, 0, NULL, 'asd', 'uuuu', 100.00, 'f54000453220201119_045528.jpg', '', '2020-11-18 21:55:28'),
(45, 0, NULL, 'zzz', 'ssss', 200.00, 'img165801152820201119_045744.jpg', 'img265801152820201119_045744.jpg', '2020-11-18 21:57:44'),
(46, 2, NULL, 'rr', 'uuuu', 31.00, 'img1117755473120201121_001322.jpg', '', '2020-11-20 17:13:22'),
(47, 1, NULL, 'ข้าวไก่ทอด', 'uuuu', 336.00, 'img114878002620201121_012349.jpg', 'img267561694820201121_034349.jpg', '2020-11-20 18:23:49'),
(49, 1, NULL, 'rrrsss', 'uuuu', 103.00, 'img1189933436220201121_033908.jpg', '', '2020-11-20 18:40:46'),
(51, 3, 0, 'ข้าวหน้าหมูสไตส์ญี่ปุ่น', 'รายละเอียด', 79.00, 'f80490815420200928_011416.png', '', '2020-09-27 04:14:16'),
(52, 3, 0, 'ข้าวหน้าปลาทอดสไตส์ญี่ปุ่น', 'รายละเอียด', 79.00, 'f89085375920200928_011636.png', '', '2020-09-27 04:16:36'),
(53, 4, 0, 'ผัดกะเพรา', 'รายละเอียด', 79.00, 'f205334549720200928_011851.jpg', '', '2020-09-27 04:18:51'),
(54, 4, 0, 'ผัดผงกะหรี่', 'รายละเอียด', 79.00, 'f172996396420200928_011959.png', '', '2020-09-27 04:19:59'),
(55, 4, 0, 'ผัดพริกไทยดำ', 'รายละเอียด', 79.00, '57647221920200928_012118.jpg', '', '2020-09-27 04:20:58'),
(56, 4, 0, 'ยำแซ่บ', 'รายละเอียด', 79.00, 'f200955367520200928_012213.jpg', '', '2020-09-27 04:22:13'),
(57, 4, 0, 'ลวกจิ้ม', 'รายละเอียด', 79.00, 'f60873705920200928_012342.jpg', '', '2020-09-27 04:23:42'),
(58, 4, 0, 'ผัดซอสโคชูจัง', 'รายละเอียด', 79.00, 'f92677581220200928_012827.jpg', '', '2020-09-27 04:28:27'),
(59, 5, 0, 'สปาเก็ตตี้ ครีมซอสแฮมไข่ออนเซ็น', 'รายละเอียด', 79.00, 'f170706114320200928_013009.png', '', '2020-09-27 04:30:09'),
(60, 5, 0, 'สปาเก็ตตี้ ครีมซอสไก่กรอบ ', 'รายละเอียด', 79.00, 'f5070754520200928_013214.png', '', '2020-09-27 04:32:14'),
(61, 5, 0, 'อกไก่นุ่มอบวุ้นเส้นเกาหลี/อบวุ้นเส้น', 'รายละเอียด', 79.00, 'f10421619020200928_013344.png', '', '2020-09-27 04:33:44'),
(62, 5, 0, 'ทะเลอบวุ้นเส้นเกาหลี/อบวุ้นเส้น', 'รายละเอียด', 89.00, 'f170161988220200928_013506.jpg', '', '2020-09-27 04:35:06'),
(63, 6, 0, 'สลัดไก่ทอด ครีมมะนาว', 'รายละเอียด', 79.00, 'f130783180520200928_170018.jpg', '', '2020-09-27 20:00:18'),
(64, 6, 0, 'สลัดปลาทอด ครีมมะนาว', 'รายละเอียด', 89.00, 'f170752919920200928_170140.jpg', '', '2020-09-27 20:01:40'),
(65, 6, 0, 'สลัดไก่ย่าง น้ำสลัดงาญี่ปุ่น', 'รายละเอียด', 79.00, 'f39977905020200928_170433.jpg', '', '2020-09-27 20:04:33'),
(66, 6, 0, 'ยำสลัดไก่ย่าง/หมูย่าง สไตล์ญี่ปุ่น', 'รายละเอียด', 79.00, 'f49950911120200928_170645.jpg', '', '2020-09-27 20:06:45'),
(67, 6, 0, 'ยำสลัดทูน่า สไตล์ญี่ปุ่น', 'รายละเอียด', 89.00, 'f208216882220200928_170732.jpg', '', '2020-09-27 20:07:32'),
(68, 6, 0, 'สเต็กอกไก่นุ่ม(คลาสสิค)', 'รายละเอียด', 89.00, 'f129831815220200928_171033.jpg', '', '2020-09-27 20:10:33'),
(69, 6, 0, 'สเต็กอกไก่นุ่ม(พริกสด)', 'รายละเอียด', 89.00, 'f81354746820200928_171235.jpg', '', '2020-09-27 20:12:35'),
(70, 6, 0, 'สเต็กอกไก่นุ่ม(พริกไทยดำ)', 'รายละเอียด', 89.00, 'f209456784820200928_171403.jpg', '', '2020-09-27 20:14:03'),
(71, 6, 0, 'สเต็กสันในหมูย่างพริกไทยดำ(ซูวี)', 'รายละเอียด', 89.00, 'f81435717320200928_171540.jpg', '', '2020-09-27 20:15:40'),
(72, 7, 0, 'สเต็กปลาแซลมอน', 'รายละเอียด', 219.00, 'f94922369920200928_172444.jpg', '', '2020-09-27 20:24:44'),
(73, 7, 0, 'สลัดปลาแซลมอน(ครีมมะนาว)', 'รายละเอียด', 219.00, 'f17048375920200928_172737.jpg', '', '2020-09-27 20:27:37'),
(74, 6, 0, 'สลัดไก่ทอด ครีมมะนาว', 'รายละเอียด', 79.00, 'f130783180520200928_170018.jpg', '', '2020-09-27 20:00:18'),
(75, 6, 0, 'สลัดปลาทอด ครีมมะนาว', 'รายละเอียด', 89.00, 'f170752919920200928_170140.jpg', '', '2020-09-27 20:01:40'),
(76, 6, 0, 'สลัดไก่ย่าง น้ำสลัดงาญี่ปุ่น', 'รายละเอียด', 79.00, 'f39977905020200928_170433.jpg', '', '2020-09-27 20:04:33'),
(77, 6, 0, 'ยำสลัดไก่ย่าง/หมูย่าง สไตล์ญี่ปุ่น', 'รายละเอียด', 79.00, 'f49950911120200928_170645.jpg', '', '2020-09-27 20:06:45'),
(78, 6, 0, 'ยำสลัดทูน่า สไตล์ญี่ปุ่น', 'รายละเอียด', 89.00, 'f208216882220200928_170732.jpg', '', '2020-09-27 20:07:32'),
(79, 6, 0, 'สเต็กอกไก่นุ่ม(คลาสสิค)', 'รายละเอียด', 89.00, 'f129831815220200928_171033.jpg', '', '2020-09-27 20:10:33'),
(80, 6, 0, 'สเต็กอกไก่นุ่ม(พริกสด)', 'รายละเอียด', 89.00, 'f81354746820200928_171235.jpg', '', '2020-09-27 20:12:35'),
(81, 6, 0, 'สเต็กอกไก่นุ่ม(พริกไทยดำ)', 'รายละเอียด', 89.00, 'f209456784820200928_171403.jpg', '', '2020-09-27 20:14:03'),
(82, 6, 0, 'สเต็กสันในหมูย่างพริกไทยดำ(ซูวี)', 'รายละเอียด', 89.00, 'f81435717320200928_171540.jpg', '', '2020-09-27 20:15:40'),
(83, 7, 0, 'สเต็กปลาแซลมอน', 'รายละเอียด', 219.00, 'f94922369920200928_172444.jpg', '', '2020-09-27 20:24:44'),
(84, 7, 0, 'สลัดปลาแซลมอน(ครีมมะนาว)', 'รายละเอียด', 219.00, 'f17048375920200928_172737.jpg', '', '2020-09-27 20:27:37'),
(85, 7, 0, 'สลัดปลาแซลมอน(น้ำสลัดซีอิ้วญี่ปุ่น)', 'รายละเอียด', 219.00, 'f110535598920200928_172837.jpg', '', '2020-09-27 20:28:37'),
(86, 7, 0, 'ข้าวแซลมอนย่างเกลือ', 'รายละเอียด', 219.00, 'f111281459820200928_173128.jpg', '', '2020-09-27 20:31:28'),
(87, 7, 0, 'ข้าวแซลมอนย่างซีอิ้ว', 'รายละเอียด', 219.00, 'f31541062020200928_173206.jpg', '', '2020-09-27 20:32:06'),
(88, 7, 0, 'ข้าวแซลมอนยำแซ่บ', 'รายละเอียด', 219.00, 'f188738623520200928_173314.jpg', '', '2020-09-27 20:33:14'),
(89, 7, 0, 'สปาเก็ตตี้ครีมซอสแซลมอน', 'รายละเอียด', 249.00, 'f1894673320200928_173441.jpg', '', '2020-09-27 20:34:41'),
(90, 7, 0, 'ยำสลัดแซลมอนทอด สไตล์ญี่ปุ่น', 'รายละเอียด', 249.00, 'f175304852020200928_173626.jpg', '', '2020-09-27 20:36:26'),
(91, 8, 0, 'หัวหอมทอด', 'รายละเอียด', 49.00, 'f203832419520200928_173753.jpg', '', '2020-09-27 20:37:53'),
(92, 8, 0, 'เฟรนฟรายด์', 'รายละเอียด', 49.00, 'f83359007820200928_173846.jpg', '', '2020-09-27 20:38:46'),
(93, 8, 0, 'นักเก็ตไก่', 'รายละเอียด', 49.00, 'f64255399820200928_173931.jpg', '', '2020-09-27 20:39:31'),
(94, 8, 0, 'ไก่จ๊อ', 'รายละเอียด', 49.00, 'f157095258420200928_174009.jpg', '', '2020-09-27 20:40:09'),
(95, 8, 0, 'ไก่ทอดคาราเกะ', 'รายละเอียด', 59.00, 'f114779175520200928_174059.png', '', '2020-09-27 20:40:59'),
(96, 8, 0, 'ฟิชสติ๊ก', 'รายละเอียด', 59.00, 'f47656769920200928_174205.jpg', '', '2020-09-27 20:42:05'),
(97, 8, 0, 'ปีกไก่นิวออลีนส์', 'รายละเอียด', 99.00, 'f144704489420200928_174300.jpg', '', '2020-09-27 20:43:00'),
(98, 8, 0, 'ไก่กรอบคอนเฟลค', 'รายละเอียด', 99.00, 'f114904979020200928_174410.jpg', '', '2020-09-27 20:44:10'),
(99, 8, 0, 'ไก่กรอบ pizza', 'รายละเอียด', 99.00, 'f143964455120200928_174457.jpg', '', '2020-09-27 20:44:57'),
(100, 9, 0, 'ไข่ดาว', 'รายละเอียด', 10.00, 'f4187017120200928_174749.jpg', '', '2020-09-27 20:47:49'),
(101, 9, 0, 'ไข่ออนเซ็น', 'รายละเอียด', 10.00, 'f9064409020200928_174903.jpg', '', '2020-09-27 20:49:03'),
(102, 9, 0, 'ไข่ยางมะตูม', 'รายละเอียด', 10.00, 'f2436758020200928_174953.jpeg', '', '2020-09-27 20:49:53'),
(103, 9, 0, 'ซุปไข่น้ำ', 'รายละเอียด', 15.00, 'f23696535420200928_175059.jpg', '', '2020-09-27 20:50:59'),
(104, 9, 0, 'ข้าวไรซ์เบอร์รี่', 'รายละเอียด', 15.00, 'f183023847720200928_175216.jpg', '', '2020-09-27 20:52:16'),
(105, 9, 0, 'ข้าวกล้อง', 'รายละเอียด', 15.00, 'f114274713520200928_175312.jpg', '', '2020-09-27 20:53:12'),
(106, 9, 0, 'ปลาทอด/ปลาทูน่า/ดอลลี่', 'รายละเอียด', 30.00, 'f10923661920200928_175433.jpg', '', '2020-09-27 20:54:33'),
(107, 9, 0, 'อกไก่ 100 กรัม', 'รายละเอียด', 20.00, 'f61197756220200928_175542.jpg', '', '2020-09-27 20:55:42'),
(108, 9, 0, 'หมูสันใน 100 กรัม', 'รายละเอียด', 25.00, 'f116533570320200928_175727.jpg', '', '2020-09-27 20:57:27'),
(109, 10, 0, 'ยาคูลท์เจลลี่สมูทตี้', 'รายละเอียด', 39.00, 'f142179784720200928_180253.jpg', '', '2020-09-27 21:02:53'),
(110, 10, 0, 'น้ำส้มสมูทตี้', 'รายละเอียด', 39.00, 'f132755801920200928_180448.jpg', '', '2020-09-27 21:04:48'),
(111, 10, 0, 'น้ำผักผลไม้รวมสมูทตี้', 'รายละเอียด', 39.00, 'f162092695220200928_180634.jpg', '', '2020-09-27 21:06:34'),
(112, 10, 0, 'น้ำมะเขือเทศสมูทตี้', 'รายละเอียด', 39.00, 'f60927431420200928_180754.jpg', '', '2020-09-27 21:07:54'),
(113, 10, 0, 'น้ำมะม่วงเสาวรสสมูทตี้', 'รายละเอียด', 39.00, 'f128344007220200928_180857.jpg', '', '2020-09-27 21:08:57'),
(114, 10, 0, 'น้ำมะเขือเทศผสมผลไม้รวม', 'รายละเอียด', 39.00, 'f179226802320200928_181019.jpg', '', '2020-09-27 21:10:19'),
(115, 10, 0, 'สตรอเบอร์รี่โยเกริต์สมูทตี้', 'รายละเอียด', 49.00, 'f161332329620200928_181204.jpg', '', '2020-09-27 21:12:04'),
(116, 6, 0, 'สลัดไก่ทอด ครีมมะนาว', 'รายละเอียด', 79.00, 'f130783180520200928_170018.jpg', '', '2020-09-27 20:00:18'),
(117, 6, 0, 'สลัดปลาทอด ครีมมะนาว', 'รายละเอียด', 89.00, 'f170752919920200928_170140.jpg', '', '2020-09-27 20:01:40'),
(118, 6, 0, 'สลัดไก่ย่าง น้ำสลัดงาญี่ปุ่น', 'รายละเอียด', 79.00, 'f39977905020200928_170433.jpg', '', '2020-09-27 20:04:33'),
(119, 6, 0, 'ยำสลัดไก่ย่าง/หมูย่าง สไตล์ญี่ปุ่น', 'รายละเอียด', 79.00, 'f49950911120200928_170645.jpg', '', '2020-09-27 20:06:45'),
(120, 6, 0, 'ยำสลัดทูน่า สไตล์ญี่ปุ่น', 'รายละเอียด', 89.00, 'f208216882220200928_170732.jpg', '', '2020-09-27 20:07:32'),
(121, 6, 0, 'สเต็กอกไก่นุ่ม(คลาสสิค)', 'รายละเอียด', 89.00, 'f129831815220200928_171033.jpg', '', '2020-09-27 20:10:33'),
(122, 6, 0, 'สเต็กอกไก่นุ่ม(พริกสด)', 'รายละเอียด', 89.00, 'f81354746820200928_171235.jpg', '', '2020-09-27 20:12:35'),
(123, 6, 0, 'สเต็กอกไก่นุ่ม(พริกไทยดำ)', 'รายละเอียด', 89.00, 'f209456784820200928_171403.jpg', '', '2020-09-27 20:14:03'),
(124, 6, 0, 'สเต็กสันในหมูย่างพริกไทยดำ(ซูวี)', 'รายละเอียด', 89.00, 'f81435717320200928_171540.jpg', '', '2020-09-27 20:15:40'),
(125, 7, 0, 'สเต็กปลาแซลมอน', 'รายละเอียด', 219.00, 'f94922369920200928_172444.jpg', '', '2020-09-27 20:24:44'),
(126, 7, 0, 'สลัดปลาแซลมอน(ครีมมะนาว)', 'รายละเอียด', 219.00, 'f17048375920200928_172737.jpg', '', '2020-09-27 20:27:37'),
(127, 7, 0, 'สลัดปลาแซลมอน(น้ำสลัดซีอิ้วญี่ปุ่น)', 'รายละเอียด', 219.00, 'f110535598920200928_172837.jpg', '', '2020-09-27 20:28:37'),
(128, 7, 0, 'ข้าวแซลมอนย่างเกลือ', 'รายละเอียด', 219.00, 'f111281459820200928_173128.jpg', '', '2020-09-27 20:31:28'),
(129, 7, 0, 'ข้าวแซลมอนย่างซีอิ้ว', 'รายละเอียด', 219.00, 'f31541062020200928_173206.jpg', '', '2020-09-27 20:32:06'),
(130, 7, 0, 'ข้าวแซลมอนยำแซ่บ', 'รายละเอียด', 219.00, 'f188738623520200928_173314.jpg', '', '2020-09-27 20:33:14'),
(131, 7, 0, 'สปาเก็ตตี้ครีมซอสแซลมอน', 'รายละเอียด', 249.00, 'f1894673320200928_173441.jpg', '', '2020-09-27 20:34:41'),
(132, 7, 0, 'ยำสลัดแซลมอนทอด สไตล์ญี่ปุ่น', 'รายละเอียด', 249.00, 'f175304852020200928_173626.jpg', '', '2020-09-27 20:36:26'),
(133, 8, 0, 'หัวหอมทอด', 'รายละเอียด', 49.00, 'f203832419520200928_173753.jpg', '', '2020-09-27 20:37:53'),
(134, 8, 0, 'เฟรนฟรายด์', 'รายละเอียด', 49.00, 'f83359007820200928_173846.jpg', '', '2020-09-27 20:38:46'),
(135, 8, 0, 'นักเก็ตไก่', 'รายละเอียด', 49.00, 'f64255399820200928_173931.jpg', '', '2020-09-27 20:39:31'),
(136, 8, 0, 'ไก่จ๊อ', 'รายละเอียด', 49.00, 'f157095258420200928_174009.jpg', '', '2020-09-27 20:40:09'),
(137, 8, 0, 'ไก่ทอดคาราเกะ', 'รายละเอียด', 59.00, 'f114779175520200928_174059.png', '', '2020-09-27 20:40:59'),
(138, 8, 0, 'ฟิชสติ๊ก', 'รายละเอียด', 59.00, 'f47656769920200928_174205.jpg', '', '2020-09-27 20:42:05'),
(139, 8, 0, 'ปีกไก่นิวออลีนส์', 'รายละเอียด', 99.00, 'f144704489420200928_174300.jpg', '', '2020-09-27 20:43:00'),
(140, 8, 0, 'ไก่กรอบคอนเฟลค', 'รายละเอียด', 99.00, 'f114904979020200928_174410.jpg', '', '2020-09-27 20:44:10'),
(141, 8, 0, 'ไก่กรอบ pizza', 'รายละเอียด', 99.00, 'f143964455120200928_174457.jpg', '', '2020-09-27 20:44:57'),
(142, 9, 0, 'ไข่ดาว', 'รายละเอียด', 10.00, 'f4187017120200928_174749.jpg', '', '2020-09-27 20:47:49'),
(143, 9, 0, 'ไข่ออนเซ็น', 'รายละเอียด', 10.00, 'f9064409020200928_174903.jpg', '', '2020-09-27 20:49:03'),
(144, 9, 0, 'ไข่ยางมะตูม', 'รายละเอียด', 10.00, 'f2436758020200928_174953.jpeg', '', '2020-09-27 20:49:53'),
(145, 9, 0, 'ซุปไข่น้ำ', 'รายละเอียด', 15.00, 'f23696535420200928_175059.jpg', '', '2020-09-27 20:50:59'),
(146, 9, 0, 'ข้าวไรซ์เบอร์รี่', 'รายละเอียด', 15.00, 'f183023847720200928_175216.jpg', '', '2020-09-27 20:52:16'),
(147, 9, 0, 'ข้าวกล้อง', 'รายละเอียด', 15.00, 'f114274713520200928_175312.jpg', '', '2020-09-27 20:53:12'),
(148, 9, 0, 'ปลาทอด/ปลาทูน่า/ดอลลี่', 'รายละเอียด', 30.00, 'f10923661920200928_175433.jpg', '', '2020-09-27 20:54:33'),
(149, 9, 0, 'อกไก่ 100 กรัม', 'รายละเอียด', 20.00, 'f61197756220200928_175542.jpg', '', '2020-09-27 20:55:42'),
(150, 9, 0, 'หมูสันใน 100 กรัม', 'รายละเอียด', 25.00, 'f116533570320200928_175727.jpg', '', '2020-09-27 20:57:27'),
(151, 10, 0, 'ยาคูลท์เจลลี่สมูทตี้', 'รายละเอียด', 39.00, 'f142179784720200928_180253.jpg', '', '2020-09-27 21:02:53'),
(152, 10, 0, 'น้ำส้มสมูทตี้', 'รายละเอียด', 39.00, 'f132755801920200928_180448.jpg', '', '2020-09-27 21:04:48'),
(153, 10, 0, 'น้ำผักผลไม้รวมสมูทตี้', 'รายละเอียด', 39.00, 'f162092695220200928_180634.jpg', '', '2020-09-27 21:06:34'),
(154, 10, 0, 'น้ำมะเขือเทศสมูทตี้', 'รายละเอียด', 39.00, 'f60927431420200928_180754.jpg', '', '2020-09-27 21:07:54'),
(155, 10, 0, 'น้ำมะม่วงเสาวรสสมูทตี้', 'รายละเอียด', 39.00, 'f128344007220200928_180857.jpg', '', '2020-09-27 21:08:57'),
(156, 10, 0, 'น้ำมะเขือเทศผสมผลไม้รวม', 'รายละเอียด', 39.00, 'f179226802320200928_181019.jpg', '', '2020-09-27 21:10:19'),
(157, 10, 0, 'สตรอเบอร์รี่โยเกริต์สมูทตี้', 'รายละเอียด', 49.00, 'f161332329620200928_181204.jpg', '', '2020-09-27 21:12:04'),
(158, 10, 0, 'นมอัลมอนด์ช๊อคโก้บานาน่าสมูทตี้', 'รายละเอียด', 49.00, 'f181184335520200928_181325.webp', '', '2020-09-27 21:13:25'),
(159, 10, 0, 'นมอัลมอนด์บานาน่าสมูทตี้', 'รายละเอียด', 49.00, 'f146679703320200928_181416.jpg', '', '2020-09-27 21:14:16'),
(160, 10, 0, 'นมอัลมอนด์คอฟฟี่สมูทตี้', 'รายละเอียด', 49.00, 'f27600246020200928_181544.jpg', '', '2020-09-27 21:15:44'),
(161, 10, 0, 'นมอัลมอนด์โอริโอ้สมูทตี้', 'รายละเอียด', 49.00, 'f210896945820200928_181629.jpg', '', '2020-09-27 21:16:29'),
(162, 10, 0, 'นมอัลมอนด์กรีนทีสมูทตี้', 'รายละเอียด', 49.00, 'f209858743920200928_181809.jpg', '', '2020-09-27 21:18:09');

-- --------------------------------------------------------

--
-- Table structure for table `menu_type`
--

CREATE TABLE `menu_type` (
  `t_id` int(10) NOT NULL,
  `t_name` varchar(100) NOT NULL
) ENGINE=MyISAM DEFAULT CHARSET=utf8;

--
-- Dumping data for table `menu_type`
--

INSERT INTO `menu_type` (`t_id`, `t_name`) VALUES
(1, 'อาหารจานเดียว'),
(2, 'เมนูยำ/ลาบ/น้ำตก'),
(3, 'เมนูข้าวหน้าสไตส์ญี่ปุ่น'),
(4, 'เมนูปลาดอลลี่'),
(5, 'เมนูเส้น'),
(6, 'เมนูสลัด/สเต็ก'),
(7, 'เมนูแซลมอนนอร์เวย์'),
(8, 'เมนูทานเล่น'),
(9, 'พิเศษ'),
(10, 'Smoothies'),
(20, 'คอร์สอาหาร');

-- --------------------------------------------------------

--
-- Table structure for table `orders`
--

CREATE TABLE `orders` (
  `order_id` int(10) NOT NULL,
  `mem_id` int(11) NOT NULL,
  `name` varchar(100) COLLATE utf8_unicode_ci NOT NULL,
  `address` varchar(500) COLLATE utf8_unicode_ci NOT NULL,
  `email` varchar(100) COLLATE utf8_unicode_ci NOT NULL,
  `phone` varchar(20) COLLATE utf8_unicode_ci NOT NULL,
  `order_status` int(1) NOT NULL,
  `pay_slip` varchar(200) COLLATE utf8_unicode_ci DEFAULT NULL,
  `b_name` varchar(100) COLLATE utf8_unicode_ci DEFAULT NULL COMMENT 'ชื่อธนาคาร',
  `b_number` varchar(20) COLLATE utf8_unicode_ci DEFAULT NULL COMMENT 'เลข บช',
  `pay_date` date DEFAULT NULL,
  `pay_amount` float(10,2) DEFAULT NULL,
  `food_status` varchar(100) COLLATE utf8_unicode_ci DEFAULT NULL,
  `order_date` datetime NOT NULL DEFAULT current_timestamp()
) ENGINE=MyISAM DEFAULT CHARSET=utf8 COLLATE=utf8_unicode_ci;

--
-- Dumping data for table `orders`
--

INSERT INTO `orders` (`order_id`, `mem_id`, `name`, `address`, `email`, `phone`, `order_status`, `pay_slip`, `b_name`, `b_number`, `pay_date`, `pay_amount`, `food_status`, `order_date`) VALUES
(1, 5, 's', 's', 's', '1111111111', 4, NULL, NULL, NULL, NULL, NULL, NULL, '2020-11-18 00:50:18'),
(2, 6, 'a', 'th', 's@hotmail.com', '1234567890', 3, NULL, NULL, NULL, NULL, 100.00, NULL, '2020-11-22 15:46:01'),
(3, 7, 'nnnn', 'th', 'sine_2541@hotmail.co', '0123456789', 6, '121906575020201122_190609.jpg', 'กสิกร', '1234567890', '2020-11-22', 227.00, 'กำลังจัดส่ง', '2020-11-22 19:05:25'),
(4, 7, 'nnnn', 'th', 'sine_2541@hotmail.co', '0123456789', 5, '68813865320201127_013804.jpg', 'กสิกร', '1234567890', '2020-11-27', 269.00, NULL, '2020-11-22 19:08:26'),
(5, 7, 'nnnn', 'th', 'sine_2541@hotmail.co', '0123456789', 5, '97207809720201127_013913.jpg', 'กสิกร', '1234567890', '2020-11-27', 189.00, NULL, '2020-11-22 21:49:00'),
(6, 7, 'nnnn', 'th', 'sine_2541@hotmail.co', '0123456789', 5, '108417944620201212_214352.jpg', 'กสิกร', '1234567890', '2020-12-12', 79.00, 'กำลังจัดส่ง', '2020-11-22 23:09:09'),
(7, 7, 'nnnn', 'th', 'sine_2541@hotmail.co', '0123456789', 5, '209828048120201123_133650.jpg', 'กสิกร', '1234567890', '2020-11-23', 336.00, 'กำลังจัดส่ง', '2020-11-23 13:35:26'),
(8, 7, 'sine', 'th', 'sine_2541@hotmail.co', '0123456789', 1, '', '', '', '0000-00-00', 0.00, NULL, '2020-11-24 02:31:10'),
(9, 7, 'nnnn', 'th', 'sine_2541@hotmail.co', '0123456789', 5, '22060781820201229_234239.jpg', 'กสิกร', '1234567890', '2020-12-29', 775.00, '5', '2020-11-24 02:51:35'),
(10, 7, 'nnnn', 'th', 'sine_2541@hotmail.co', '0123456789', 5, '130212070520201126_135455.jpg', 'กสิกร', '1234567890', '2020-11-26', 439.00, 'กำลังจัดส่ง', '2020-11-26 13:54:24'),
(11, 7, 'nnnn', 'th', 'sine_2541@hotmail.co', '0123456789', 5, '2422604320201126_160604.jpg', 'กสิกร', '1234567890', '2020-11-26', 158.00, NULL, '2020-11-26 16:05:01'),
(12, 7, 'nnnn', 'th', 'sine_2541@hotmail.co', '0123456789', 5, '129675502120201127_010409.jpg', 'กสิกร', '1234567890', '2020-11-27', 439.00, 'กำลังจัดส่ง', '2020-11-27 01:03:43'),
(13, 7, 'nnnn', 'th', 'sine_2541@hotmail.co', '0123456789', 5, '15725119920201127_113514.jpg', 'กสิกร', '1234567890', '2020-11-27', 494.00, 'กำลังจัดส่ง', '2020-11-27 11:33:50'),
(14, 7, 'sine', 'th', 'sine_2541@hotmail.co', '0123456789', 5, '125918324020201201_004936.jpg', 'กสิกร', '1234567890', '2020-12-01', 336.00, 'กำลังจัดส่ง', '2020-12-01 00:49:21'),
(15, 7, 'nnnn', 'th', 'sine_2541@hotmail.co', '0123456789', 1, '', '', '', '0000-00-00', 0.00, NULL, '2020-12-01 00:50:05'),
(16, 7, 'nnnn', 'th', 'sine_2541@hotmail.co', '0123456789', 5, '34023541620201204_015737.jpg', 'กสิกร', '1234567890', '2020-12-04', 336.00, 'กำลังจัดส่ง', '2020-12-04 01:57:25'),
(17, 7, 'nnnn', 'th', 'sine_2541@hotmail.co', '0123456789', 5, '11532006620201205_011255.jpg', 'กสิกร', '1234567890', '2020-12-05', 103.00, 'กำลังจัดส่ง', '2020-12-05 01:12:43'),
(18, 7, 'nnnn', 'th', 'sine_2541@hotmail.co', '0123456789', 5, '211341667220201212_213716.jpg', 'กสิกร', '1234567890', '2020-12-12', 49.00, 'เตรียมอาหาร', '2020-12-12 21:36:57'),
(19, 7, 'nnnn', 'th', 'sine_2541@hotmail.co', '0123456789', 5, '134286280020201217_213619.jpg', 'กสิกร', '1234567890', '2020-12-17', 49.00, 'กำลังจัดส่ง', '2020-12-17 21:35:59'),
(20, 7, 'nnnn', 'th', 'sine_2541@hotmail.co', '0123456789', 5, '163444859420201217_235948.jpg', 'กสิกร', '1234567890', '2020-12-17', 137.00, 'กำลังจัดส่ง', '2020-12-17 23:58:47'),
(21, 7, 'nnnn', 'th', 'sine_2541@hotmail.co', '0123456789', 5, '162301671220201218_092333.jpg', 'กสิกร', '1234567890', '2020-12-18', 268.00, 'กำลังจัดส่ง', '2020-12-18 09:21:16'),
(22, 7, 'nnnn', 'th', 'sine_2541@hotmail.co', '0123456789', 5, '151778648620201218_101026.jpg', 'กสิกร', '1234567890', '2020-12-18', 49.00, 'กำลังจัดส่ง', '2020-12-18 10:10:08'),
(23, 7, 'nnnn', 'th', 'sine_2541@hotmail.co', '0123456789', 5, '73912425020201229_233633.jpg', 'กสิกร', '1234567890', '2020-12-29', 78.00, 'เตรียมอาหาร', '2020-12-29 23:35:39'),
(24, 7, 'nnnn', 'th', 'sine_2541@hotmail.co', '0123456789', 5, '185077577120201230_000344.jpg', 'กสิกร', '1234567890', '2020-12-30', 147.00, 'เตรียมอาหาร', '2020-12-30 00:03:32'),
(25, 7, 'nnnn', 'th', 'sine_2541@hotmail.co', '0123456789', 4, '88627962420201230_011636.jpg', 'กสิกร', '1234567890', '2020-12-30', 137.00, 'เตรียมอาหาร', '2020-12-30 01:16:20'),
(26, 7, 'nnnn', 'th', 'sine_2541@hotmail.co', '0123456789', 5, '203761505620201230_014905.jpg', 'กสิกร', '1234567890', '2020-12-30', 49.00, 'เตรียมอาหาร', '2020-12-30 01:48:54'),
(27, 7, 'nnnn', 'th', 'sine_2541@hotmail.co', '0123456789', 2, '212986289720201230_015059.jpg', 'กสิกร', '1234567890', '2020-12-30', 49.00, 'กำลังจัดส่ง', '2020-12-30 01:50:49'),
(28, 7, 'nnnn', 'th', 'sine_2541@hotmail.co', '0123456789', 4, '166478816020210114_141236.jpg', 'กสิกร', '1234567890', '2021-01-14', 98.00, '', '2021-01-14 14:12:05'),
(29, 7, 'nnnn', 'th', 'sine_2541@hotmail.co', '0123456789', 2, '86986927620210121_173453.jpg', 'กสิกร', '1234567890', '2021-01-21', 49.00, '', '2021-01-21 17:34:21'),
(30, 7, 'nnnn', 'th', 'sine_2541@hotmail.co', '0123456789', 1, '', '', '', '0000-00-00', 0.00, '', '2021-01-21 22:41:40'),
(31, 7, 'nnnn', 'th', 'sine_2541@hotmail.co', '0123456789', 1, '', '', '', '0000-00-00', 0.00, '', '2021-01-21 23:31:48'),
(32, 7, 'nnnn', 'th', 'sine_2541@hotmail.co', '0123456789', 2, '80491459820210121_233355.jpg', 'กสิกร', '1234567890', '2021-01-21', 49.00, '', '2021-01-21 23:32:10'),
(33, 7, 'nnnn', 'th', 'sine_2541@hotmail.co', '0123456789', 2, '29329260620210121_234115.jpg', 'กสิกร', '1234567890', '2021-01-21', 268.00, '', '2021-01-21 23:38:49'),
(34, 7, 'sine', 'th', 'sine_2541@hotmail.co', '0123456789', 5, '186485100320210122_005422.jpg', 'กสิกร', '1234567890', '2021-01-22', 39.00, 'เตรียมอาหาร', '2021-01-22 00:54:06'),
(35, 9, 'นพมาศ', 'รรร', '6031301011@lamduan.m', '0123456789', 2, '123103870420210226_222725.png', 'กสิกร', '1234567890', '2021-02-26', 431.00, '', '2021-02-26 22:24:03');

-- --------------------------------------------------------

--
-- Table structure for table `order_detail`
--

CREATE TABLE `order_detail` (
  `d_id` int(10) NOT NULL,
  `order_id` int(11) NOT NULL,
  `m_id` int(11) NOT NULL,
  `m_name` varchar(200) CHARACTER SET utf8 DEFAULT NULL,
  `m_c_qty` int(11) NOT NULL,
  `total` float NOT NULL,
  `datesave` timestamp NOT NULL DEFAULT current_timestamp()
) ENGINE=MyISAM DEFAULT CHARSET=utf8 COLLATE=utf8_unicode_ci;

--
-- Dumping data for table `order_detail`
--

INSERT INTO `order_detail` (`d_id`, `order_id`, `m_id`, `m_name`, `m_c_qty`, `total`, `datesave`) VALUES
(49, 1, 1, '่่jj', 1, 1, '2020-11-18 15:47:58'),
(50, 2, 1, 'a', 5, 100, '2020-11-22 08:47:50'),
(51, 3, 39, 'ข้าว+ยำทูน่า', 1, 69, '2020-11-22 12:05:25'),
(52, 3, 41, 'ยำวุ้นเส้นทะเล', 1, 89, '2020-11-22 12:05:25'),
(53, 3, 38, 'ข้าว+ลาบทูน่า ', 1, 69, '2020-11-22 12:05:25'),
(54, 4, 45, 'zzz', 1, 200, '2020-11-22 12:08:26'),
(55, 4, 40, 'ยำวุ้นเส้น อกไก่สับ/หมูสับ', 1, 69, '2020-11-22 12:08:26'),
(56, 5, 46, 'rr', 1, 31, '2020-11-22 14:49:00'),
(57, 5, 41, 'ยำวุ้นเส้นทะเล', 1, 89, '2020-11-22 14:49:00'),
(58, 5, 40, 'ยำวุ้นเส้น อกไก่สับ/หมูสับ', 1, 69, '2020-11-22 14:49:00'),
(59, 6, 36, 'ข้าวยำปลาแซ่บ', 1, 79, '2020-11-22 16:09:09'),
(60, 7, 47, 'ข้าวไก่ทอด', 1, 336, '2020-11-23 06:35:26'),
(61, 8, 36, 'ข้าวยำปลาแซ่บ', 1, 79, '2020-11-23 19:31:10'),
(62, 8, 35, 'ลาบวุ้นเส้นทะเล', 1, 89, '2020-11-23 19:31:10'),
(63, 8, 37, 'ข้าว+ยำน้ำพริกเผา ไก่ลวก/หมูลวก', 2, 118, '2020-11-23 19:31:10'),
(64, 8, 49, 'rrrsss', 1, 103, '2020-11-23 19:31:10'),
(65, 8, 47, 'ข้าวไก่ทอด', 1, 336, '2020-11-23 19:31:10'),
(66, 9, 49, 'rrrsss', 1, 103, '2020-11-23 19:51:35'),
(67, 9, 47, 'ข้าวไก่ทอด', 2, 672, '2020-11-23 19:51:35'),
(68, 10, 47, 'ข้าวไก่ทอด', 1, 336, '2020-11-26 06:54:24'),
(69, 10, 49, 'rrrsss', 1, 103, '2020-11-26 06:54:24'),
(70, 11, 40, 'ยำวุ้นเส้น อกไก่สับ/หมูสับ', 1, 69, '2020-11-26 09:05:01'),
(71, 11, 41, 'ยำวุ้นเส้นทะเล', 1, 89, '2020-11-26 09:05:01'),
(72, 12, 47, 'ข้าวไก่ทอด', 1, 336, '2020-11-26 18:03:43'),
(73, 12, 49, 'rrrsss', 1, 103, '2020-11-26 18:03:43'),
(74, 13, 47, 'ข้าวไก่ทอด', 1, 336, '2020-11-27 04:33:50'),
(75, 13, 40, 'ยำวุ้นเส้น อกไก่สับ/หมูสับ', 1, 69, '2020-11-27 04:33:50'),
(76, 13, 41, 'ยำวุ้นเส้นทะเล', 1, 89, '2020-11-27 04:33:50'),
(77, 14, 47, 'ข้าวไก่ทอด', 1, 336, '2020-11-30 17:49:21'),
(78, 15, 49, 'rrrsss', 1, 103, '2020-11-30 17:50:05'),
(79, 16, 47, 'ข้าวไก่ทอด', 1, 336, '2020-12-03 18:57:25'),
(80, 17, 49, 'rrrsss', 1, 103, '2020-12-04 18:12:43'),
(81, 18, 160, 'นมอัลมอนด์คอฟฟี่สมูทตี้', 1, 49, '2020-12-12 14:36:57'),
(82, 19, 159, 'นมอัลมอนด์บานาน่าสมูทตี้', 1, 49, '2020-12-17 14:35:59'),
(83, 20, 162, 'นมอัลมอนด์กรีนทีสมูทตี้', 2, 98, '2020-12-17 16:58:47'),
(84, 20, 152, 'น้ำส้มสมูทตี้', 1, 39, '2020-12-17 16:58:47'),
(85, 21, 129, 'ข้าวแซลมอนย่างซีอิ้ว', 1, 219, '2020-12-18 02:21:16'),
(86, 21, 160, 'นมอัลมอนด์คอฟฟี่สมูทตี้', 1, 49, '2020-12-18 02:21:16'),
(87, 22, 161, 'นมอัลมอนด์โอริโอ้สมูทตี้', 1, 49, '2020-12-18 03:10:08'),
(88, 23, 153, 'น้ำผักผลไม้รวมสมูทตี้', 1, 39, '2020-12-29 16:35:39'),
(89, 23, 154, 'น้ำมะเขือเทศสมูทตี้', 1, 39, '2020-12-29 16:35:39'),
(90, 24, 159, 'นมอัลมอนด์บานาน่าสมูทตี้', 1, 49, '2020-12-29 17:03:32'),
(91, 24, 160, 'นมอัลมอนด์คอฟฟี่สมูทตี้', 1, 49, '2020-12-29 17:03:32'),
(92, 24, 161, 'นมอัลมอนด์โอริโอ้สมูทตี้', 1, 49, '2020-12-29 17:03:32'),
(93, 25, 157, 'สตรอเบอร์รี่โยเกริต์สมูทตี้', 1, 49, '2020-12-29 18:16:20'),
(94, 25, 151, 'ยาคูลท์เจลลี่สมูทตี้', 1, 39, '2020-12-29 18:16:20'),
(95, 25, 158, 'นมอัลมอนด์ช๊อคโก้บานาน่าสมูทตี้', 1, 49, '2020-12-29 18:16:20'),
(96, 26, 160, 'นมอัลมอนด์คอฟฟี่สมูทตี้', 1, 49, '2020-12-29 18:48:54'),
(97, 27, 160, 'นมอัลมอนด์คอฟฟี่สมูทตี้', 1, 49, '2020-12-29 18:50:49'),
(98, 28, 159, 'นมอัลมอนด์บานาน่าสมูทตี้', 1, 49, '2021-01-14 07:12:05'),
(99, 28, 19, 'ข้าวมันไก่ทอด(มันหวานญี่ปุ่น)', 1, 49, '2021-01-14 07:12:05'),
(100, 29, 159, 'นมอัลมอนด์บานาน่าสมูทตี้', 1, 49, '2021-01-21 10:34:21'),
(101, 30, 159, 'นมอัลมอนด์บานาน่าสมูทตี้', 1, 49, '2021-01-21 15:41:40'),
(102, 32, 155, 'น้ำมะม่วงเสาวรสสมูทตี้', 1, 39, '2021-01-21 16:32:10'),
(103, 33, 161, 'นมอัลมอนด์โอริโอ้สมูทตี้', 1, 49, '2021-01-21 16:38:49'),
(104, 34, 154, 'น้ำมะเขือเทศสมูทตี้', 1, 39, '2021-01-21 17:54:06'),
(105, 35, 155, 'น้ำมะม่วงเสาวรสสมูทตี้', 1, 39, '2021-02-26 15:24:03'),
(106, 35, 158, 'นมอัลมอนด์ช๊อคโก้บานาน่าสมูทตี้', 2, 98, '2021-02-26 15:24:03'),
(107, 35, 159, 'นมอัลมอนด์บานาน่าสมูทตี้', 3, 147, '2021-02-26 15:24:03'),
(108, 35, 157, 'สตรอเบอร์รี่โยเกริต์สมูทตี้', 1, 49, '2021-02-26 15:24:03'),
(109, 35, 160, 'นมอัลมอนด์คอฟฟี่สมูทตี้', 1, 49, '2021-02-26 15:24:03'),
(110, 35, 162, 'นมอัลมอนด์กรีนทีสมูทตี้', 1, 49, '2021-02-26 15:24:03');

-- --------------------------------------------------------

--
-- Table structure for table `tbl_admin`
--

CREATE TABLE `tbl_admin` (
  `admin_id` int(10) NOT NULL,
  `admin_user` varchar(20) NOT NULL,
  `admin_pass` varchar(20) NOT NULL,
  `admin_name` varchar(100) NOT NULL,
  `date_save` timestamp NOT NULL DEFAULT current_timestamp()
) ENGINE=MyISAM DEFAULT CHARSET=utf8;

--
-- Dumping data for table `tbl_admin`
--

INSERT INTO `tbl_admin` (`admin_id`, `admin_user`, `admin_pass`, `admin_name`, `date_save`) VALUES
(1, '1', '1', 'EMeeHoonD', '2017-08-29 11:57:41');

-- --------------------------------------------------------

--
-- Table structure for table `tbl_member`
--

CREATE TABLE `tbl_member` (
  `mem_id` int(10) NOT NULL,
  `mem_name` varchar(50) NOT NULL,
  `mem_address` varchar(255) NOT NULL,
  `mem_tel` varchar(10) NOT NULL,
  `mem_username` varchar(20) NOT NULL,
  `mem_password` varchar(20) NOT NULL,
  `mem_email` varchar(20) NOT NULL,
  `datesave` datetime NOT NULL DEFAULT current_timestamp()
) ENGINE=MyISAM DEFAULT CHARSET=utf8;

--
-- Dumping data for table `tbl_member`
--

INSERT INTO `tbl_member` (`mem_id`, `mem_name`, `mem_address`, `mem_tel`, `mem_username`, `mem_password`, `mem_email`, `datesave`) VALUES
(7, 'sine', 'th', '0123456789', 'sinee', 'sine2541', 'sine_2541@hotmail.co', '2020-11-22 16:58:13'),
(6, 'amp', 'bangkok', '0943438881', 'amppp', '111111', 'amp@hotmail.com', '2020-11-18 00:36:21'),
(8, 'นพมาศ', 'กรุงเทพฯ ', '0123456789', 'nop', 'si2541', 'sssssss@hotmail.com', '2020-11-22 23:41:57'),
(9, 'นพมาศ', 'รรร', '0123456789', 'sin', '123456', '6031301011@lamduan.m', '2021-02-26 22:05:18'),
(10, '', '', '', '', '', '', '2021-03-02 23:33:47'),
(11, 'aa', 'th', '0123456789', 'pond', '123456', 's@hotmail.com', '2021-03-02 23:48:02'),
(12, 'นพมาศ', 'sss', '0123456789', 'sss', '123', 'nophamartnava.2541@g', '2021-03-02 23:54:03'),
(13, 'nnnn', 'y', '0123456789', 'yy', '123', 'y@hotmail.com', '2021-03-03 00:01:24'),
(14, 'นพมาศ', 'v', '0123456789', 'vv', '123', 's@hotmail.com', '2021-03-03 00:04:14');

-- --------------------------------------------------------

--
-- Table structure for table `testtable`
--

CREATE TABLE `testtable` (
  `m_name` varchar(200) NOT NULL,
  `t_name` varchar(100) NOT NULL
) ENGINE=InnoDB DEFAULT CHARSET=utf8;

--
-- Dumping data for table `testtable`
--

INSERT INTO `testtable` (`m_name`, `t_name`) VALUES
('ข้าวมันไก่ซูวี', 'อาหารจานเดียว'),
('ข้าวมันไก่ทอด(มันหวานญี่ปุ่น)', 'อาหารจานเดียว'),
('ข้าวกะเพราไก่/หมู', 'อาหารจานเดียว'),
('ข้าวกะเพราไก่ย่าง/หมูย่าง', 'อาหารจานเดียว'),
('ข้าวคั่วกลิ้งไก่/หมู', 'อาหารจานเดียว'),
('ข้าวผัดผงกะหรี่ไก่/หมู ', 'อาหารจานเดียว'),
('ข้าวอกไก่ผัดซอสโคชูจัง ไก่/หมู', 'อาหารจานเดียว'),
('ข้าวยำเกาหลีไก่สับ', 'อาหารจานเดียว'),
('สุกี้คลีนไก่/หมู ไข่ออนเซ็น(น้ำ/แห้ง)', 'อาหารจานเดียว'),
('ข้าวไก่ทอด ซอสเหล้าแดง/ครีมมะนาว', 'อาหารจานเดียว'),
('ข้าวปลาทอด ซอสเหล้าแดง/ครีมมะนาว', 'อาหารจานเดียว'),
('ข้าวยำไก่แซ่บ', 'เมนูยำ/ลาบ/น้ำตก'),
('ข้าวลาบอีสาน อกไก่', 'เมนูยำ/ลาบ/น้ำตก'),
('ข้าวไก่ย่าง/หมูย่าง(ยำน้ำตก)', 'เมนูยำ/ลาบ/น้ำตก'),
('ข้าวไก่ย่าง/หมูย่าง(ซอสมะขาม)', 'เมนูยำ/ลาบ/น้ำตก'),
('ข้าวไก่ย่าง/หมูย่าง(น้ำจิ้มแจ่ว)', 'เมนูยำ/ลาบ/น้ำตก'),
('ลาบวุ้นเส้น อกไก่สับ/หมูสับ', 'เมนูยำ/ลาบ/น้ำตก'),
('ลาบวุ้นเส้นทะเล', 'เมนูยำ/ลาบ/น้ำตก'),
('ข้าวยำปลาแซ่บ', 'เมนูยำ/ลาบ/น้ำตก'),
('ข้าว+ยำน้ำพริกเผา ไก่ลวก/หมูลวก', 'เมนูยำ/ลาบ/น้ำตก'),
('ข้าว+ลาบทูน่า ', 'เมนูยำ/ลาบ/น้ำตก'),
('ข้าว+ยำทูน่า', 'เมนูยำ/ลาบ/น้ำตก'),
('ยำวุ้นเส้น อกไก่สับ/หมูสับ', 'เมนูยำ/ลาบ/น้ำตก'),
('ยำวุ้นเส้นทะเล', 'เมนูยำ/ลาบ/น้ำตก'),
('ข้าวหน้าอกไก่สไตส์ญี่ปุ่น (โอยาโกะด้ง)', 'เมนูข้าวหน้าสไตส์ญี่ปุ่น'),
('rr', 'เมนูยำ/ลาบ/น้ำตก'),
('ข้าวไก่ทอด', 'อาหารจานเดียว'),
('rrrsss', 'อาหารจานเดียว'),
('ข้าวหน้าหมูสไตส์ญี่ปุ่น', 'เมนูข้าวหน้าสไตส์ญี่ปุ่น'),
('ข้าวหน้าปลาทอดสไตส์ญี่ปุ่น', 'เมนูข้าวหน้าสไตส์ญี่ปุ่น'),
('ผัดกะเพรา', 'เมนูปลาดอลลี่'),
('ผัดผงกะหรี่', 'เมนูปลาดอลลี่'),
('ผัดพริกไทยดำ', 'เมนูปลาดอลลี่'),
('ยำแซ่บ', 'เมนูปลาดอลลี่'),
('ลวกจิ้ม', 'เมนูปลาดอลลี่'),
('ผัดซอสโคชูจัง', 'เมนูปลาดอลลี่'),
('สปาเก็ตตี้ ครีมซอสแฮมไข่ออนเซ็น', 'เมนูเส้น'),
('สปาเก็ตตี้ ครีมซอสไก่กรอบ ', 'เมนูเส้น'),
('อกไก่นุ่มอบวุ้นเส้นเกาหลี/อบวุ้นเส้น', 'เมนูเส้น'),
('ทะเลอบวุ้นเส้นเกาหลี/อบวุ้นเส้น', 'เมนูเส้น'),
('สลัดไก่ทอด ครีมมะนาว', 'เมนูสลัด/สเต็ก'),
('สลัดปลาทอด ครีมมะนาว', 'เมนูสลัด/สเต็ก'),
('สลัดไก่ย่าง น้ำสลัดงาญี่ปุ่น', 'เมนูสลัด/สเต็ก'),
('ยำสลัดไก่ย่าง/หมูย่าง สไตล์ญี่ปุ่น', 'เมนูสลัด/สเต็ก'),
('ยำสลัดทูน่า สไตล์ญี่ปุ่น', 'เมนูสลัด/สเต็ก'),
('สเต็กอกไก่นุ่ม(คลาสสิค)', 'เมนูสลัด/สเต็ก'),
('สเต็กอกไก่นุ่ม(พริกสด)', 'เมนูสลัด/สเต็ก'),
('สเต็กอกไก่นุ่ม(พริกไทยดำ)', 'เมนูสลัด/สเต็ก'),
('สเต็กสันในหมูย่างพริกไทยดำ(ซูวี)', 'เมนูสลัด/สเต็ก'),
('สเต็กปลาแซลมอน', 'เมนูแซลมอนนอร์เวย์'),
('สลัดปลาแซลมอน(ครีมมะนาว)', 'เมนูแซลมอนนอร์เวย์'),
('สลัดไก่ทอด ครีมมะนาว', 'เมนูสลัด/สเต็ก'),
('สลัดปลาทอด ครีมมะนาว', 'เมนูสลัด/สเต็ก'),
('สลัดไก่ย่าง น้ำสลัดงาญี่ปุ่น', 'เมนูสลัด/สเต็ก'),
('ยำสลัดไก่ย่าง/หมูย่าง สไตล์ญี่ปุ่น', 'เมนูสลัด/สเต็ก'),
('ยำสลัดทูน่า สไตล์ญี่ปุ่น', 'เมนูสลัด/สเต็ก'),
('สเต็กอกไก่นุ่ม(คลาสสิค)', 'เมนูสลัด/สเต็ก'),
('สเต็กอกไก่นุ่ม(พริกสด)', 'เมนูสลัด/สเต็ก'),
('สเต็กอกไก่นุ่ม(พริกไทยดำ)', 'เมนูสลัด/สเต็ก'),
('สเต็กสันในหมูย่างพริกไทยดำ(ซูวี)', 'เมนูสลัด/สเต็ก'),
('สเต็กปลาแซลมอน', 'เมนูแซลมอนนอร์เวย์'),
('สลัดปลาแซลมอน(ครีมมะนาว)', 'เมนูแซลมอนนอร์เวย์'),
('สลัดปลาแซลมอน(น้ำสลัดซีอิ้วญี่ปุ่น)', 'เมนูแซลมอนนอร์เวย์'),
('ข้าวแซลมอนย่างเกลือ', 'เมนูแซลมอนนอร์เวย์'),
('ข้าวแซลมอนย่างซีอิ้ว', 'เมนูแซลมอนนอร์เวย์'),
('ข้าวแซลมอนยำแซ่บ', 'เมนูแซลมอนนอร์เวย์'),
('สปาเก็ตตี้ครีมซอสแซลมอน', 'เมนูแซลมอนนอร์เวย์'),
('ยำสลัดแซลมอนทอด สไตล์ญี่ปุ่น', 'เมนูแซลมอนนอร์เวย์'),
('หัวหอมทอด', 'เมนูทานเล่น'),
('เฟรนฟรายด์', 'เมนูทานเล่น'),
('นักเก็ตไก่', 'เมนูทานเล่น'),
('ไก่จ๊อ', 'เมนูทานเล่น'),
('ไก่ทอดคาราเกะ', 'เมนูทานเล่น'),
('ฟิชสติ๊ก', 'เมนูทานเล่น'),
('ปีกไก่นิวออลีนส์', 'เมนูทานเล่น'),
('ไก่กรอบคอนเฟลค', 'เมนูทานเล่น'),
('ไก่กรอบ pizza', 'เมนูทานเล่น'),
('ไข่ดาว', 'พิเศษ'),
('ไข่ออนเซ็น', 'พิเศษ'),
('ไข่ยางมะตูม', 'พิเศษ'),
('ซุปไข่น้ำ', 'พิเศษ'),
('ข้าวไรซ์เบอร์รี่', 'พิเศษ'),
('ข้าวกล้อง', 'พิเศษ'),
('ปลาทอด/ปลาทูน่า/ดอลลี่', 'พิเศษ'),
('อกไก่ 100 กรัม', 'พิเศษ'),
('หมูสันใน 100 กรัม', 'พิเศษ'),
('ยาคูลท์เจลลี่สมูทตี้', 'Smoothies'),
('น้ำส้มสมูทตี้', 'Smoothies'),
('น้ำผักผลไม้รวมสมูทตี้', 'Smoothies'),
('น้ำมะเขือเทศสมูทตี้', 'Smoothies'),
('น้ำมะม่วงเสาวรสสมูทตี้', 'Smoothies'),
('น้ำมะเขือเทศผสมผลไม้รวม', 'Smoothies'),
('สตรอเบอร์รี่โยเกริต์สมูทตี้', 'Smoothies'),
('สลัดไก่ทอด ครีมมะนาว', 'เมนูสลัด/สเต็ก'),
('สลัดปลาทอด ครีมมะนาว', 'เมนูสลัด/สเต็ก'),
('สลัดไก่ย่าง น้ำสลัดงาญี่ปุ่น', 'เมนูสลัด/สเต็ก'),
('ยำสลัดไก่ย่าง/หมูย่าง สไตล์ญี่ปุ่น', 'เมนูสลัด/สเต็ก'),
('ยำสลัดทูน่า สไตล์ญี่ปุ่น', 'เมนูสลัด/สเต็ก'),
('สเต็กอกไก่นุ่ม(คลาสสิค)', 'เมนูสลัด/สเต็ก'),
('สเต็กอกไก่นุ่ม(พริกสด)', 'เมนูสลัด/สเต็ก'),
('สเต็กอกไก่นุ่ม(พริกไทยดำ)', 'เมนูสลัด/สเต็ก'),
('สเต็กสันในหมูย่างพริกไทยดำ(ซูวี)', 'เมนูสลัด/สเต็ก'),
('สเต็กปลาแซลมอน', 'เมนูแซลมอนนอร์เวย์'),
('สลัดปลาแซลมอน(ครีมมะนาว)', 'เมนูแซลมอนนอร์เวย์'),
('สลัดปลาแซลมอน(น้ำสลัดซีอิ้วญี่ปุ่น)', 'เมนูแซลมอนนอร์เวย์'),
('ข้าวแซลมอนย่างเกลือ', 'เมนูแซลมอนนอร์เวย์'),
('ข้าวแซลมอนย่างซีอิ้ว', 'เมนูแซลมอนนอร์เวย์'),
('ข้าวแซลมอนยำแซ่บ', 'เมนูแซลมอนนอร์เวย์'),
('สปาเก็ตตี้ครีมซอสแซลมอน', 'เมนูแซลมอนนอร์เวย์'),
('ยำสลัดแซลมอนทอด สไตล์ญี่ปุ่น', 'เมนูแซลมอนนอร์เวย์'),
('หัวหอมทอด', 'เมนูทานเล่น'),
('เฟรนฟรายด์', 'เมนูทานเล่น'),
('นักเก็ตไก่', 'เมนูทานเล่น'),
('ไก่จ๊อ', 'เมนูทานเล่น'),
('ไก่ทอดคาราเกะ', 'เมนูทานเล่น'),
('ฟิชสติ๊ก', 'เมนูทานเล่น'),
('ปีกไก่นิวออลีนส์', 'เมนูทานเล่น'),
('ไก่กรอบคอนเฟลค', 'เมนูทานเล่น'),
('ไก่กรอบ pizza', 'เมนูทานเล่น'),
('ไข่ดาว', 'พิเศษ'),
('ไข่ออนเซ็น', 'พิเศษ'),
('ไข่ยางมะตูม', 'พิเศษ'),
('ซุปไข่น้ำ', 'พิเศษ'),
('ข้าวไรซ์เบอร์รี่', 'พิเศษ'),
('ข้าวกล้อง', 'พิเศษ'),
('ปลาทอด/ปลาทูน่า/ดอลลี่', 'พิเศษ'),
('อกไก่ 100 กรัม', 'พิเศษ'),
('หมูสันใน 100 กรัม', 'พิเศษ'),
('ยาคูลท์เจลลี่สมูทตี้', 'Smoothies'),
('น้ำส้มสมูทตี้', 'Smoothies'),
('น้ำผักผลไม้รวมสมูทตี้', 'Smoothies'),
('น้ำมะเขือเทศสมูทตี้', 'Smoothies'),
('น้ำมะม่วงเสาวรสสมูทตี้', 'Smoothies'),
('น้ำมะเขือเทศผสมผลไม้รวม', 'Smoothies'),
('สตรอเบอร์รี่โยเกริต์สมูทตี้', 'Smoothies'),
('นมอัลมอนด์ช๊อคโก้บานาน่าสมูทตี้', 'Smoothies'),
('นมอัลมอนด์บานาน่าสมูทตี้', 'Smoothies'),
('นมอัลมอนด์คอฟฟี่สมูทตี้', 'Smoothies'),
('นมอัลมอนด์โอริโอ้สมูทตี้', 'Smoothies'),
('นมอัลมอนด์กรีนทีสมูทตี้', 'Smoothies'),
('rt', 'อาหารจานเดียว'),
('p', 'อาหารจานเดียว');

--
-- Indexes for dumped tables
--

--
-- Indexes for table `bank_account`
--
ALTER TABLE `bank_account`
  ADD PRIMARY KEY (`b_id`);

--
-- Indexes for table `course`
--
ALTER TABLE `course`
  ADD PRIMARY KEY (`c_id`);

--
-- Indexes for table `course_detail`
--
ALTER TABLE `course_detail`
  ADD PRIMARY KEY (`cd_id`);

--
-- Indexes for table `menu`
--
ALTER TABLE `menu`
  ADD PRIMARY KEY (`m_id`);

--
-- Indexes for table `menu_type`
--
ALTER TABLE `menu_type`
  ADD PRIMARY KEY (`t_id`);

--
-- Indexes for table `orders`
--
ALTER TABLE `orders`
  ADD PRIMARY KEY (`order_id`);

--
-- Indexes for table `order_detail`
--
ALTER TABLE `order_detail`
  ADD PRIMARY KEY (`d_id`);

--
-- Indexes for table `tbl_admin`
--
ALTER TABLE `tbl_admin`
  ADD PRIMARY KEY (`admin_id`);

--
-- Indexes for table `tbl_member`
--
ALTER TABLE `tbl_member`
  ADD PRIMARY KEY (`mem_id`);

--
-- AUTO_INCREMENT for dumped tables
--

--
-- AUTO_INCREMENT for table `bank_account`
--
ALTER TABLE `bank_account`
  MODIFY `b_id` int(10) NOT NULL AUTO_INCREMENT, AUTO_INCREMENT=2;

--
-- AUTO_INCREMENT for table `course`
--
ALTER TABLE `course`
  MODIFY `c_id` int(10) NOT NULL AUTO_INCREMENT, AUTO_INCREMENT=4;

--
-- AUTO_INCREMENT for table `course_detail`
--
ALTER TABLE `course_detail`
  MODIFY `cd_id` int(11) NOT NULL AUTO_INCREMENT, AUTO_INCREMENT=9;

--
-- AUTO_INCREMENT for table `menu`
--
ALTER TABLE `menu`
  MODIFY `m_id` int(10) NOT NULL AUTO_INCREMENT, AUTO_INCREMENT=176;

--
-- AUTO_INCREMENT for table `menu_type`
--
ALTER TABLE `menu_type`
  MODIFY `t_id` int(10) NOT NULL AUTO_INCREMENT, AUTO_INCREMENT=22;

--
-- AUTO_INCREMENT for table `orders`
--
ALTER TABLE `orders`
  MODIFY `order_id` int(10) NOT NULL AUTO_INCREMENT, AUTO_INCREMENT=36;

--
-- AUTO_INCREMENT for table `order_detail`
--
ALTER TABLE `order_detail`
  MODIFY `d_id` int(10) NOT NULL AUTO_INCREMENT, AUTO_INCREMENT=111;

--
-- AUTO_INCREMENT for table `tbl_admin`
--
ALTER TABLE `tbl_admin`
  MODIFY `admin_id` int(10) NOT NULL AUTO_INCREMENT, AUTO_INCREMENT=4;

--
-- AUTO_INCREMENT for table `tbl_member`
--
ALTER TABLE `tbl_member`
  MODIFY `mem_id` int(10) NOT NULL AUTO_INCREMENT, AUTO_INCREMENT=15;
COMMIT;

/*!40101 SET CHARACTER_SET_CLIENT=@OLD_CHARACTER_SET_CLIENT */;
/*!40101 SET CHARACTER_SET_RESULTS=@OLD_CHARACTER_SET_RESULTS */;
/*!40101 SET COLLATION_CONNECTION=@OLD_COLLATION_CONNECTION */;
